Field,ID,Type (Type),default,en,de,es,fr,pl,pt
Description,2,Texte,,Export save files from your Xbox games to a folder. Works with Game Pass and cloud-compatible games. Manually transfer your local saves to Steam or other platforms.,Exportieren Sie lokale Speicherdateien Ihrer Cloud-kompatiblen Xbox-Spiele. Übertragen Sie sie manuell auf Steam oder eine andere Plattform.,Exporta los archivos guardados locales de tus juegos Xbox compatibles con la nube. Transfiérelos manualmente a Steam u otra plataforma.,Exportez les sauvegardes locales de vos jeux Xbox compatibles cloud. Transférez-les manuellement vers Steam ou une autre plateforme.,Eksportuj lokalne pliki zapisu z gier Xbox kompatybilnych z chmurą. Przenieś je ręcznie do Steam lub innej platformy.,Exporte arquivos salvos locais de seus jogos Xbox compatíveis com a nuvem. Transfira-os manualmente para Steam ou outra plataforma.
ReleaseNotes,3,Texte,,"v1.2.0

Added:
- Added a new ""Smart Export"" button to experimentally recreate the original path and file name for some games.

Fixed:
- Fixed an issue where the app could crash during the export process.
- Fixed incorrect progress bar tracking during exports for specific folder structures.
- Fixed bad translations.
- Corrected author name spelling on the About page.

Changed:
- Updated the application name to be clearer and more relevant.
- Updated application license.","v1.2.0

Hinzugefügt:
- Es wurde eine neue Schaltfläche ""Intelligenter Export"" hinzugefügt, um den ursprünglichen Pfad und Dateinamen für einige Spiele experimentell wiederherzustellen.

Behoben:
- Es wurde ein Problem behoben, bei dem die App während des Exportvorgangs abstürzen konnte.
- Fehlerhafte Verfolgung des Fortschrittsbalkens bei Exporten für bestimmte Ordnerstrukturen behoben.
- Schlechte Übersetzungen korrigiert.
- Schreibweise des Autorennamens auf der Info-Seite korrigiert.

Geändert:
- Der Anwendungsname wurde aktualisiert, um klarer und relevanter zu sein.
- Die Anwendungslizenz wurde aktualisiert.","v1.2.0

Añadido:
- Se añadió un nuevo botón ""Exportación Inteligente"" para recrear experimentalmente la ruta original y el nombre del archivo para algunos juegos.

Corregido:
- Se corrigió un problema por el cual la aplicación podía bloquearse durante el proceso de exportación.
- Se corrigió el seguimiento incorrecto de la barra de progreso durante las exportaciones para estructuras de carpetas específicas.
- Se corrigieron malas traducciones.
- Se corrigió la ortografía del nombre del autor en la página Acerca de.

Cambiado:
- Se actualizó el nombre de la aplicación para que sea más claro y relevante.
- Se actualizó la licencia de la aplicación.","v1.2.0

Ajouté :
- Ajout d'un nouveau bouton ""Export intelligent"" pour recréer de manière expérimentale le chemin et le nom de fichier originaux pour certains jeux.

Corrigé :
- Correction d'un problème qui pouvait faire planter l'application pendant le processus d'exportation.
- Correction d'un suivi incorrect de la barre de progression lors des exportations pour certaines structures de dossiers.
- Correction de mauvaises traductions.
- Correction de l'orthographe du nom de l'auteur sur la page À propos.

Modifié :
- Mise à jour du nom de l'application pour être plus clair et plus pertinent.
- Mise à jour de la licence de l'application.","v1.2.0

Dodano:
- Dodano nowy przycisk ""Inteligentny eksport"", aby eksperymentalnie odtworzyć oryginalną ścieżkę i nazwę pliku dla niektórych gier.

Naprawiono:
- Naprawiono problem, przez który aplikacja mogła ulegać awarii podczas procesu eksportowania.
- Naprawiono nieprawidłowe śledzenie paska postępu podczas eksportowania dla określonych struktur folderów.
- Naprawiono złe tłumaczenia.
- Poprawiono pisownię imienia i nazwiska autora na stronie Informacje.

Zmieniono:
- Zaktualizowano nazwę aplikacji, aby była jaśniejsza i bardziej trafna.
- Zaktualizowano licencję aplikacji.","v1.2.0

Adicionado:
- Adicionado um novo botão ""Exportação Inteligente"" para recriar experimentalmente o caminho original e o nome do arquivo para alguns jogos.

Corrigido:
- Corrigido um problema em que o aplicativo poderia travar durante o processo de exportação.
- Corrigido o acompanhamento incorreto da barra de progresso durante as exportações para estruturas de pastas específicas.
- Corrigidas as más traduções.
- Corrigida a ortografia do nome do autor na página Sobre.

Alterado:
- Atualizado o nome do aplicativo para ser mais claro e relevante.
- Atualizada a licença do aplicativo."
Title,4,Texte,,Game Save Exporter for Xbox,Spielsicherung Exporter für Xbox,Exportador Guardado Juego para Xbox,Exportateur Sauvegarde pour Jeu Xbox,Eksporter Zapisów Gry dla Xbox,Exportador Salvamento Jogo para Xbox
ShortTitle,5,Texte,,,,,,,
SortTitle,6,Texte,,,,,,,
VoiceTitle,7,Texte,,,,,,,
ShortDescription,8,Texte,,,,,,,
DevStudio,9,Texte,,Tom60,Tom60,Tom60,Tom60,Tom60,Tom60
CopyrightTrademarkInformation,12,Texte,,"Made by Tom60 <contact.tom60@proton.me>.
This program and its author are not affiliated with Microsoft and these subsidiaries.","Gemacht von Tom60 <contact.tom60@proton.me>.
Dieses Programm und sein Autor sind nicht mit Microsoft und diesen Tochtergesellschaften verbunden.","Hecho por Tom60 <contact.tom60@proton.me>.
Este programa y su autor no están afiliados a Microsoft ni a estas subsidiarias.","Réalisé par Tom60 <contact.tom60@proton.me>.
Ce programme et son auteur ne sont pas affiliés à Microsoft et à ces filiales.","Wykonane przez Tom60 <contact.tom60@proton.me>.
Ten program i jego autor nie sa powiazani z firma Microsoft i tymi podmiotami zaleznymi.","Feito por Tom60 <contact.tom60@proton.me>.
Este programa e seu autor não são afiliados à Microsoft e a essas subsidiárias."
AdditionalLicenseTerms,13,Texte,,,,,,,
DesktopScreenshot1,100,Chemin d'accès relatif (ou URL à consigner dans l'Espace partenaires),,https://developer.microsoft.com/en-us/dashboard/apps/9NK0HLN1PRWB/submissions/1152921505701838676/listings/1152922700007435784/listingassets/3058782779353967705,https://developer.microsoft.com/en-us/dashboard/apps/9NK0HLN1PRWB/submissions/1152921505701838676/listings/1152922700007435786/listingassets/3048530073896104332,https://developer.microsoft.com/en-us/dashboard/apps/9NK0HLN1PRWB/submissions/1152921505701838676/listings/1152922700007435788/listingassets/3070907486438598910,https://developer.microsoft.com/en-us/dashboard/apps/9NK0HLN1PRWB/submissions/1152921505701838676/listings/1152922700007435890/listingassets/3062878703887505044,https://developer.microsoft.com/en-us/dashboard/apps/9NK0HLN1PRWB/submissions/1152921505701838676/listings/1152922700007435892/listingassets/3070142861829319553,https://developer.microsoft.com/en-us/dashboard/apps/9NK0HLN1PRWB/submissions/1152921505701838676/listings/1152922700007435894/listingassets/3059375191522359515
DesktopScreenshot2,101,Chemin d'accès relatif (ou URL à consigner dans l'Espace partenaires),,https://developer.microsoft.com/en-us/dashboard/apps/9NK0HLN1PRWB/submissions/1152921505701838676/listings/1152922700007435784/listingassets/3003576779812614416,https://developer.microsoft.com/en-us/dashboard/apps/9NK0HLN1PRWB/submissions/1152921505701838676/listings/1152922700007435786/listingassets/3049470712251222682,https://developer.microsoft.com/en-us/dashboard/apps/9NK0HLN1PRWB/submissions/1152921505701838676/listings/1152922700007435788/listingassets/3023217759589929110,https://developer.microsoft.com/en-us/dashboard/apps/9NK0HLN1PRWB/submissions/1152921505701838676/listings/1152922700007435890/listingassets/3055172182064172690,https://developer.microsoft.com/en-us/dashboard/apps/9NK0HLN1PRWB/submissions/1152921505701838676/listings/1152922700007435892/listingassets/3039850479737635958,https://developer.microsoft.com/en-us/dashboard/apps/9NK0HLN1PRWB/submissions/1152921505701838676/listings/1152922700007435894/listingassets/3062107150346700623
DesktopScreenshot3,102,Chemin d'accès relatif (ou URL à consigner dans l'Espace partenaires),,,,,,,
DesktopScreenshot4,103,Chemin d'accès relatif (ou URL à consigner dans l'Espace partenaires),,,,,,,
DesktopScreenshot5,104,Chemin d'accès relatif (ou URL à consigner dans l'Espace partenaires),,,,,,,
DesktopScreenshot6,105,Chemin d'accès relatif (ou URL à consigner dans l'Espace partenaires),,,,,,,
DesktopScreenshot7,106,Chemin d'accès relatif (ou URL à consigner dans l'Espace partenaires),,,,,,,
DesktopScreenshot8,107,Chemin d'accès relatif (ou URL à consigner dans l'Espace partenaires),,,,,,,
DesktopScreenshot9,108,Chemin d'accès relatif (ou URL à consigner dans l'Espace partenaires),,,,,,,
DesktopScreenshot10,109,Chemin d'accès relatif (ou URL à consigner dans l'Espace partenaires),,,,,,,
DesktopScreenshot11,110,Chemin d'accès relatif (ou URL à consigner dans l'Espace partenaires),,,,,,,
DesktopScreenshot12,111,Chemin d'accès relatif (ou URL à consigner dans l'Espace partenaires),,,,,,,
DesktopScreenshot13,112,Chemin d'accès relatif (ou URL à consigner dans l'Espace partenaires),,,,,,,
DesktopScreenshot14,113,Chemin d'accès relatif (ou URL à consigner dans l'Espace partenaires),,,,,,,
DesktopScreenshot15,114,Chemin d'accès relatif (ou URL à consigner dans l'Espace partenaires),,,,,,,
DesktopScreenshot16,115,Chemin d'accès relatif (ou URL à consigner dans l'Espace partenaires),,,,,,,
DesktopScreenshot17,116,Chemin d'accès relatif (ou URL à consigner dans l'Espace partenaires),,,,,,,
DesktopScreenshot18,117,Chemin d'accès relatif (ou URL à consigner dans l'Espace partenaires),,,,,,,
DesktopScreenshot19,118,Chemin d'accès relatif (ou URL à consigner dans l'Espace partenaires),,,,,,,
DesktopScreenshot20,119,Chemin d'accès relatif (ou URL à consigner dans l'Espace partenaires),,,,,,,
DesktopScreenshot21,120,Chemin d'accès relatif (ou URL à consigner dans l'Espace partenaires),,,,,,,
DesktopScreenshot22,121,Chemin d'accès relatif (ou URL à consigner dans l'Espace partenaires),,,,,,,
DesktopScreenshot23,122,Chemin d'accès relatif (ou URL à consigner dans l'Espace partenaires),,,,,,,
DesktopScreenshot24,123,Chemin d'accès relatif (ou URL à consigner dans l'Espace partenaires),,,,,,,
DesktopScreenshot25,124,Chemin d'accès relatif (ou URL à consigner dans l'Espace partenaires),,,,,,,
DesktopScreenshot26,125,Chemin d'accès relatif (ou URL à consigner dans l'Espace partenaires),,,,,,,
DesktopScreenshot27,126,Chemin d'accès relatif (ou URL à consigner dans l'Espace partenaires),,,,,,,
DesktopScreenshot28,127,Chemin d'accès relatif (ou URL à consigner dans l'Espace partenaires),,,,,,,
DesktopScreenshot29,128,Chemin d'accès relatif (ou URL à consigner dans l'Espace partenaires),,,,,,,
DesktopScreenshot30,129,Chemin d'accès relatif (ou URL à consigner dans l'Espace partenaires),,,,,,,
DesktopScreenshotCaption1,150,Texte,,,,,,,
DesktopScreenshotCaption2,151,Texte,,,,,,,
DesktopScreenshotCaption3,152,Texte,,,,,,,
DesktopScreenshotCaption4,153,Texte,,,,,,,
DesktopScreenshotCaption5,154,Texte,,,,,,,
DesktopScreenshotCaption6,155,Texte,,,,,,,
DesktopScreenshotCaption7,156,Texte,,,,,,,
DesktopScreenshotCaption8,157,Texte,,,,,,,
DesktopScreenshotCaption9,158,Texte,,,,,,,
DesktopScreenshotCaption10,159,Texte,,,,,,,
DesktopScreenshotCaption11,160,Texte,,,,,,,
DesktopScreenshotCaption12,161,Texte,,,,,,,
DesktopScreenshotCaption13,162,Texte,,,,,,,
DesktopScreenshotCaption14,163,Texte,,,,,,,
DesktopScreenshotCaption15,164,Texte,,,,,,,
DesktopScreenshotCaption16,165,Texte,,,,,,,
DesktopScreenshotCaption17,166,Texte,,,,,,,
DesktopScreenshotCaption18,167,Texte,,,,,,,
DesktopScreenshotCaption19,168,Texte,,,,,,,
DesktopScreenshotCaption20,169,Texte,,,,,,,
DesktopScreenshotCaption21,170,Texte,,,,,,,
DesktopScreenshotCaption22,171,Texte,,,,,,,
DesktopScreenshotCaption23,172,Texte,,,,,,,
DesktopScreenshotCaption24,173,Texte,,,,,,,
DesktopScreenshotCaption25,174,Texte,,,,,,,
DesktopScreenshotCaption26,175,Texte,,,,,,,
DesktopScreenshotCaption27,176,Texte,,,,,,,
DesktopScreenshotCaption28,177,Texte,,,,,,,
DesktopScreenshotCaption29,178,Texte,,,,,,,
DesktopScreenshotCaption30,179,Texte,,,,,,,
MobileScreenshot1,200,Chemin d'accès relatif (ou URL à consigner dans l'Espace partenaires),,,,,,,
MobileScreenshot2,201,Chemin d'accès relatif (ou URL à consigner dans l'Espace partenaires),,,,,,,
MobileScreenshot3,202,Chemin d'accès relatif (ou URL à consigner dans l'Espace partenaires),,,,,,,
MobileScreenshot4,203,Chemin d'accès relatif (ou URL à consigner dans l'Espace partenaires),,,,,,,
MobileScreenshot5,204,Chemin d'accès relatif (ou URL à consigner dans l'Espace partenaires),,,,,,,
MobileScreenshot6,205,Chemin d'accès relatif (ou URL à consigner dans l'Espace partenaires),,,,,,,
MobileScreenshot7,206,Chemin d'accès relatif (ou URL à consigner dans l'Espace partenaires),,,,,,,
MobileScreenshot8,207,Chemin d'accès relatif (ou URL à consigner dans l'Espace partenaires),,,,,,,
MobileScreenshot9,208,Chemin d'accès relatif (ou URL à consigner dans l'Espace partenaires),,,,,,,
MobileScreenshot10,209,Chemin d'accès relatif (ou URL à consigner dans l'Espace partenaires),,,,,,,
MobileScreenshot11,210,Chemin d'accès relatif (ou URL à consigner dans l'Espace partenaires),,,,,,,
MobileScreenshot12,211,Chemin d'accès relatif (ou URL à consigner dans l'Espace partenaires),,,,,,,
MobileScreenshot13,212,Chemin d'accès relatif (ou URL à consigner dans l'Espace partenaires),,,,,,,
MobileScreenshot14,213,Chemin d'accès relatif (ou URL à consigner dans l'Espace partenaires),,,,,,,
MobileScreenshot15,214,Chemin d'accès relatif (ou URL à consigner dans l'Espace partenaires),,,,,,,
MobileScreenshot16,215,Chemin d'accès relatif (ou URL à consigner dans l'Espace partenaires),,,,,,,
MobileScreenshot17,216,Chemin d'accès relatif (ou URL à consigner dans l'Espace partenaires),,,,,,,
MobileScreenshot18,217,Chemin d'accès relatif (ou URL à consigner dans l'Espace partenaires),,,,,,,
MobileScreenshot19,218,Chemin d'accès relatif (ou URL à consigner dans l'Espace partenaires),,,,,,,
MobileScreenshot20,219,Chemin d'accès relatif (ou URL à consigner dans l'Espace partenaires),,,,,,,
MobileScreenshot21,220,Chemin d'accès relatif (ou URL à consigner dans l'Espace partenaires),,,,,,,
MobileScreenshot22,221,Chemin d'accès relatif (ou URL à consigner dans l'Espace partenaires),,,,,,,
MobileScreenshot23,222,Chemin d'accès relatif (ou URL à consigner dans l'Espace partenaires),,,,,,,
MobileScreenshot24,223,Chemin d'accès relatif (ou URL à consigner dans l'Espace partenaires),,,,,,,
MobileScreenshot25,224,Chemin d'accès relatif (ou URL à consigner dans l'Espace partenaires),,,,,,,
MobileScreenshot26,225,Chemin d'accès relatif (ou URL à consigner dans l'Espace partenaires),,,,,,,
MobileScreenshot27,226,Chemin d'accès relatif (ou URL à consigner dans l'Espace partenaires),,,,,,,
MobileScreenshot28,227,Chemin d'accès relatif (ou URL à consigner dans l'Espace partenaires),,,,,,,
MobileScreenshot29,228,Chemin d'accès relatif (ou URL à consigner dans l'Espace partenaires),,,,,,,
MobileScreenshot30,229,Chemin d'accès relatif (ou URL à consigner dans l'Espace partenaires),,,,,,,
MobileScreenshotCaption1,250,Texte,,,,,,,
MobileScreenshotCaption2,251,Texte,,,,,,,
MobileScreenshotCaption3,252,Texte,,,,,,,
MobileScreenshotCaption4,253,Texte,,,,,,,
MobileScreenshotCaption5,254,Texte,,,,,,,
MobileScreenshotCaption6,255,Texte,,,,,,,
MobileScreenshotCaption7,256,Texte,,,,,,,
MobileScreenshotCaption8,257,Texte,,,,,,,
MobileScreenshotCaption9,258,Texte,,,,,,,
MobileScreenshotCaption10,259,Texte,,,,,,,
MobileScreenshotCaption11,260,Texte,,,,,,,
MobileScreenshotCaption12,261,Texte,,,,,,,
MobileScreenshotCaption13,262,Texte,,,,,,,
MobileScreenshotCaption14,263,Texte,,,,,,,
MobileScreenshotCaption15,264,Texte,,,,,,,
MobileScreenshotCaption16,265,Texte,,,,,,,
MobileScreenshotCaption17,266,Texte,,,,,,,
MobileScreenshotCaption18,267,Texte,,,,,,,
MobileScreenshotCaption19,268,Texte,,,,,,,
MobileScreenshotCaption20,269,Texte,,,,,,,
MobileScreenshotCaption21,270,Texte,,,,,,,
MobileScreenshotCaption22,271,Texte,,,,,,,
MobileScreenshotCaption23,272,Texte,,,,,,,
MobileScreenshotCaption24,273,Texte,,,,,,,
MobileScreenshotCaption25,274,Texte,,,,,,,
MobileScreenshotCaption26,275,Texte,,,,,,,
MobileScreenshotCaption27,276,Texte,,,,,,,
MobileScreenshotCaption28,277,Texte,,,,,,,
MobileScreenshotCaption29,278,Texte,,,,,,,
MobileScreenshotCaption30,279,Texte,,,,,,,
XboxScreenshot1,300,Chemin d'accès relatif (ou URL à consigner dans l'Espace partenaires),,,,,,,
XboxScreenshot2,301,Chemin d'accès relatif (ou URL à consigner dans l'Espace partenaires),,,,,,,
XboxScreenshot3,302,Chemin d'accès relatif (ou URL à consigner dans l'Espace partenaires),,,,,,,
XboxScreenshot4,303,Chemin d'accès relatif (ou URL à consigner dans l'Espace partenaires),,,,,,,
XboxScreenshot5,304,Chemin d'accès relatif (ou URL à consigner dans l'Espace partenaires),,,,,,,
XboxScreenshot6,305,Chemin d'accès relatif (ou URL à consigner dans l'Espace partenaires),,,,,,,
XboxScreenshot7,306,Chemin d'accès relatif (ou URL à consigner dans l'Espace partenaires),,,,,,,
XboxScreenshot8,307,Chemin d'accès relatif (ou URL à consigner dans l'Espace partenaires),,,,,,,
XboxScreenshot9,308,Chemin d'accès relatif (ou URL à consigner dans l'Espace partenaires),,,,,,,
XboxScreenshot10,309,Chemin d'accès relatif (ou URL à consigner dans l'Espace partenaires),,,,,,,
XboxScreenshot11,310,Chemin d'accès relatif (ou URL à consigner dans l'Espace partenaires),,,,,,,
XboxScreenshot12,311,Chemin d'accès relatif (ou URL à consigner dans l'Espace partenaires),,,,,,,
XboxScreenshot13,312,Chemin d'accès relatif (ou URL à consigner dans l'Espace partenaires),,,,,,,
XboxScreenshot14,313,Chemin d'accès relatif (ou URL à consigner dans l'Espace partenaires),,,,,,,
XboxScreenshot15,314,Chemin d'accès relatif (ou URL à consigner dans l'Espace partenaires),,,,,,,
XboxScreenshot16,315,Chemin d'accès relatif (ou URL à consigner dans l'Espace partenaires),,,,,,,
XboxScreenshot17,316,Chemin d'accès relatif (ou URL à consigner dans l'Espace partenaires),,,,,,,
XboxScreenshot18,317,Chemin d'accès relatif (ou URL à consigner dans l'Espace partenaires),,,,,,,
XboxScreenshot19,318,Chemin d'accès relatif (ou URL à consigner dans l'Espace partenaires),,,,,,,
XboxScreenshot20,319,Chemin d'accès relatif (ou URL à consigner dans l'Espace partenaires),,,,,,,
XboxScreenshot21,320,Chemin d'accès relatif (ou URL à consigner dans l'Espace partenaires),,,,,,,
XboxScreenshot22,321,Chemin d'accès relatif (ou URL à consigner dans l'Espace partenaires),,,,,,,
XboxScreenshot23,322,Chemin d'accès relatif (ou URL à consigner dans l'Espace partenaires),,,,,,,
XboxScreenshot24,323,Chemin d'accès relatif (ou URL à consigner dans l'Espace partenaires),,,,,,,
XboxScreenshot25,324,Chemin d'accès relatif (ou URL à consigner dans l'Espace partenaires),,,,,,,
XboxScreenshot26,325,Chemin d'accès relatif (ou URL à consigner dans l'Espace partenaires),,,,,,,
XboxScreenshot27,326,Chemin d'accès relatif (ou URL à consigner dans l'Espace partenaires),,,,,,,
XboxScreenshot28,327,Chemin d'accès relatif (ou URL à consigner dans l'Espace partenaires),,,,,,,
XboxScreenshot29,328,Chemin d'accès relatif (ou URL à consigner dans l'Espace partenaires),,,,,,,
XboxScreenshot30,329,Chemin d'accès relatif (ou URL à consigner dans l'Espace partenaires),,,,,,,
XboxScreenshotCaption1,350,Texte,,,,,,,
XboxScreenshotCaption2,351,Texte,,,,,,,
XboxScreenshotCaption3,352,Texte,,,,,,,
XboxScreenshotCaption4,353,Texte,,,,,,,
XboxScreenshotCaption5,354,Texte,,,,,,,
XboxScreenshotCaption6,355,Texte,,,,,,,
XboxScreenshotCaption7,356,Texte,,,,,,,
XboxScreenshotCaption8,357,Texte,,,,,,,
XboxScreenshotCaption9,358,Texte,,,,,,,
XboxScreenshotCaption10,359,Texte,,,,,,,
XboxScreenshotCaption11,360,Texte,,,,,,,
XboxScreenshotCaption12,361,Texte,,,,,,,
XboxScreenshotCaption13,362,Texte,,,,,,,
XboxScreenshotCaption14,363,Texte,,,,,,,
XboxScreenshotCaption15,364,Texte,,,,,,,
XboxScreenshotCaption16,365,Texte,,,,,,,
XboxScreenshotCaption17,366,Texte,,,,,,,
XboxScreenshotCaption18,367,Texte,,,,,,,
XboxScreenshotCaption19,368,Texte,,,,,,,
XboxScreenshotCaption20,369,Texte,,,,,,,
XboxScreenshotCaption21,370,Texte,,,,,,,
XboxScreenshotCaption22,371,Texte,,,,,,,
XboxScreenshotCaption23,372,Texte,,,,,,,
XboxScreenshotCaption24,373,Texte,,,,,,,
XboxScreenshotCaption25,374,Texte,,,,,,,
XboxScreenshotCaption26,375,Texte,,,,,,,
XboxScreenshotCaption27,376,Texte,,,,,,,
XboxScreenshotCaption28,377,Texte,,,,,,,
XboxScreenshotCaption29,378,Texte,,,,,,,
XboxScreenshotCaption30,379,Texte,,,,,,,
HolographicScreenshot1,400,Chemin d'accès relatif (ou URL à consigner dans l'Espace partenaires),,,,,,,
HolographicScreenshot2,401,Chemin d'accès relatif (ou URL à consigner dans l'Espace partenaires),,,,,,,
HolographicScreenshot3,402,Chemin d'accès relatif (ou URL à consigner dans l'Espace partenaires),,,,,,,
HolographicScreenshot4,403,Chemin d'accès relatif (ou URL à consigner dans l'Espace partenaires),,,,,,,
HolographicScreenshot5,404,Chemin d'accès relatif (ou URL à consigner dans l'Espace partenaires),,,,,,,
HolographicScreenshot6,405,Chemin d'accès relatif (ou URL à consigner dans l'Espace partenaires),,,,,,,
HolographicScreenshot7,406,Chemin d'accès relatif (ou URL à consigner dans l'Espace partenaires),,,,,,,
HolographicScreenshot8,407,Chemin d'accès relatif (ou URL à consigner dans l'Espace partenaires),,,,,,,
HolographicScreenshot9,408,Chemin d'accès relatif (ou URL à consigner dans l'Espace partenaires),,,,,,,
HolographicScreenshot10,409,Chemin d'accès relatif (ou URL à consigner dans l'Espace partenaires),,,,,,,
HolographicScreenshot11,410,Chemin d'accès relatif (ou URL à consigner dans l'Espace partenaires),,,,,,,
HolographicScreenshot12,411,Chemin d'accès relatif (ou URL à consigner dans l'Espace partenaires),,,,,,,
HolographicScreenshot13,412,Chemin d'accès relatif (ou URL à consigner dans l'Espace partenaires),,,,,,,
HolographicScreenshot14,413,Chemin d'accès relatif (ou URL à consigner dans l'Espace partenaires),,,,,,,
HolographicScreenshot15,414,Chemin d'accès relatif (ou URL à consigner dans l'Espace partenaires),,,,,,,
HolographicScreenshot16,415,Chemin d'accès relatif (ou URL à consigner dans l'Espace partenaires),,,,,,,
HolographicScreenshot17,416,Chemin d'accès relatif (ou URL à consigner dans l'Espace partenaires),,,,,,,
HolographicScreenshot18,417,Chemin d'accès relatif (ou URL à consigner dans l'Espace partenaires),,,,,,,
HolographicScreenshot19,418,Chemin d'accès relatif (ou URL à consigner dans l'Espace partenaires),,,,,,,
HolographicScreenshot20,419,Chemin d'accès relatif (ou URL à consigner dans l'Espace partenaires),,,,,,,
HolographicScreenshot21,420,Chemin d'accès relatif (ou URL à consigner dans l'Espace partenaires),,,,,,,
HolographicScreenshot22,421,Chemin d'accès relatif (ou URL à consigner dans l'Espace partenaires),,,,,,,
HolographicScreenshot23,422,Chemin d'accès relatif (ou URL à consigner dans l'Espace partenaires),,,,,,,
HolographicScreenshot24,423,Chemin d'accès relatif (ou URL à consigner dans l'Espace partenaires),,,,,,,
HolographicScreenshot25,424,Chemin d'accès relatif (ou URL à consigner dans l'Espace partenaires),,,,,,,
HolographicScreenshot26,425,Chemin d'accès relatif (ou URL à consigner dans l'Espace partenaires),,,,,,,
HolographicScreenshot27,426,Chemin d'accès relatif (ou URL à consigner dans l'Espace partenaires),,,,,,,
HolographicScreenshot28,427,Chemin d'accès relatif (ou URL à consigner dans l'Espace partenaires),,,,,,,
HolographicScreenshot29,428,Chemin d'accès relatif (ou URL à consigner dans l'Espace partenaires),,,,,,,
HolographicScreenshot30,429,Chemin d'accès relatif (ou URL à consigner dans l'Espace partenaires),,,,,,,
HolographicScreenshotCaption1,450,Texte,,,,,,,
HolographicScreenshotCaption2,451,Texte,,,,,,,
HolographicScreenshotCaption3,452,Texte,,,,,,,
HolographicScreenshotCaption4,453,Texte,,,,,,,
HolographicScreenshotCaption5,454,Texte,,,,,,,
HolographicScreenshotCaption6,455,Texte,,,,,,,
HolographicScreenshotCaption7,456,Texte,,,,,,,
HolographicScreenshotCaption8,457,Texte,,,,,,,
HolographicScreenshotCaption9,458,Texte,,,,,,,
HolographicScreenshotCaption10,459,Texte,,,,,,,
HolographicScreenshotCaption11,460,Texte,,,,,,,
HolographicScreenshotCaption12,461,Texte,,,,,,,
HolographicScreenshotCaption13,462,Texte,,,,,,,
HolographicScreenshotCaption14,463,Texte,,,,,,,
HolographicScreenshotCaption15,464,Texte,,,,,,,
HolographicScreenshotCaption16,465,Texte,,,,,,,
HolographicScreenshotCaption17,466,Texte,,,,,,,
HolographicScreenshotCaption18,467,Texte,,,,,,,
HolographicScreenshotCaption19,468,Texte,,,,,,,
HolographicScreenshotCaption20,469,Texte,,,,,,,
HolographicScreenshotCaption21,470,Texte,,,,,,,
HolographicScreenshotCaption22,471,Texte,,,,,,,
HolographicScreenshotCaption23,472,Texte,,,,,,,
HolographicScreenshotCaption24,473,Texte,,,,,,,
HolographicScreenshotCaption25,474,Texte,,,,,,,
HolographicScreenshotCaption26,475,Texte,,,,,,,
HolographicScreenshotCaption27,476,Texte,,,,,,,
HolographicScreenshotCaption28,477,Texte,,,,,,,
HolographicScreenshotCaption29,478,Texte,,,,,,,
HolographicScreenshotCaption30,479,Texte,,,,,,,
SurfaceHubScreenshot11,510,Chemin d'accès relatif (ou URL à consigner dans l'Espace partenaires),,,,,,,
SurfaceHubScreenshot12,511,Chemin d'accès relatif (ou URL à consigner dans l'Espace partenaires),,,,,,,
SurfaceHubScreenshot13,512,Chemin d'accès relatif (ou URL à consigner dans l'Espace partenaires),,,,,,,
SurfaceHubScreenshot14,513,Chemin d'accès relatif (ou URL à consigner dans l'Espace partenaires),,,,,,,
SurfaceHubScreenshot15,514,Chemin d'accès relatif (ou URL à consigner dans l'Espace partenaires),,,,,,,
SurfaceHubScreenshot16,515,Chemin d'accès relatif (ou URL à consigner dans l'Espace partenaires),,,,,,,
SurfaceHubScreenshot17,516,Chemin d'accès relatif (ou URL à consigner dans l'Espace partenaires),,,,,,,
SurfaceHubScreenshot18,517,Chemin d'accès relatif (ou URL à consigner dans l'Espace partenaires),,,,,,,
SurfaceHubScreenshot19,518,Chemin d'accès relatif (ou URL à consigner dans l'Espace partenaires),,,,,,,
SurfaceHubScreenshot20,519,Chemin d'accès relatif (ou URL à consigner dans l'Espace partenaires),,,,,,,
SurfaceHubScreenshot21,520,Chemin d'accès relatif (ou URL à consigner dans l'Espace partenaires),,,,,,,
SurfaceHubScreenshot22,521,Chemin d'accès relatif (ou URL à consigner dans l'Espace partenaires),,,,,,,
SurfaceHubScreenshot23,522,Chemin d'accès relatif (ou URL à consigner dans l'Espace partenaires),,,,,,,
SurfaceHubScreenshot24,523,Chemin d'accès relatif (ou URL à consigner dans l'Espace partenaires),,,,,,,
SurfaceHubScreenshot25,524,Chemin d'accès relatif (ou URL à consigner dans l'Espace partenaires),,,,,,,
SurfaceHubScreenshot26,525,Chemin d'accès relatif (ou URL à consigner dans l'Espace partenaires),,,,,,,
SurfaceHubScreenshot27,526,Chemin d'accès relatif (ou URL à consigner dans l'Espace partenaires),,,,,,,
SurfaceHubScreenshot28,527,Chemin d'accès relatif (ou URL à consigner dans l'Espace partenaires),,,,,,,
SurfaceHubScreenshot29,528,Chemin d'accès relatif (ou URL à consigner dans l'Espace partenaires),,,,,,,
SurfaceHubScreenshot30,529,Chemin d'accès relatif (ou URL à consigner dans l'Espace partenaires),,,,,,,
SurfaceHubScreenshotCaption11,560,Texte,,,,,,,
SurfaceHubScreenshotCaption12,561,Texte,,,,,,,
SurfaceHubScreenshotCaption13,562,Texte,,,,,,,
SurfaceHubScreenshotCaption14,563,Texte,,,,,,,
SurfaceHubScreenshotCaption15,564,Texte,,,,,,,
SurfaceHubScreenshotCaption16,565,Texte,,,,,,,
SurfaceHubScreenshotCaption17,566,Texte,,,,,,,
SurfaceHubScreenshotCaption18,567,Texte,,,,,,,
SurfaceHubScreenshotCaption19,568,Texte,,,,,,,
SurfaceHubScreenshotCaption20,569,Texte,,,,,,,
SurfaceHubScreenshotCaption21,570,Texte,,,,,,,
SurfaceHubScreenshotCaption22,571,Texte,,,,,,,
SurfaceHubScreenshotCaption23,572,Texte,,,,,,,
SurfaceHubScreenshotCaption24,573,Texte,,,,,,,
SurfaceHubScreenshotCaption25,574,Texte,,,,,,,
SurfaceHubScreenshotCaption26,575,Texte,,,,,,,
SurfaceHubScreenshotCaption27,576,Texte,,,,,,,
SurfaceHubScreenshotCaption28,577,Texte,,,,,,,
SurfaceHubScreenshotCaption29,578,Texte,,,,,,,
SurfaceHubScreenshotCaption30,579,Texte,,,,,,,
StoreLogo720x1080,600,Chemin d'accès relatif (ou URL à consigner dans l'Espace partenaires),,,,,,,
StoreLogo1080x1080,601,Chemin d'accès relatif (ou URL à consigner dans l'Espace partenaires),,,,,,,
StoreLogo300x300,602,Chemin d'accès relatif (ou URL à consigner dans l'Espace partenaires),,,,,,,
OverrideLogosForWin10,603,True/False,,False,False,False,False,False,False
StoreLogoOverride150x150,604,Chemin d'accès relatif (ou URL à consigner dans l'Espace partenaires),,,,,,,
StoreLogoOverride71x71,605,Chemin d'accès relatif (ou URL à consigner dans l'Espace partenaires),,,,,,,
PromoImage1920x1080,606,Chemin d'accès relatif (ou URL à consigner dans l'Espace partenaires),,,,,,,
PromoImage2400x1200,607,Chemin d'accès relatif (ou URL à consigner dans l'Espace partenaires),,,,,,,
XboxBrandedKeyArt584x800,608,Chemin d'accès relatif (ou URL à consigner dans l'Espace partenaires),,,,,,,
XboxTitledHero1920x1080,609,Chemin d'accès relatif (ou URL à consigner dans l'Espace partenaires),,,,,,,
XboxFeaturedPromo1080x1080,610,Chemin d'accès relatif (ou URL à consigner dans l'Espace partenaires),,,,,,,
OptionalPromo358x358,611,Chemin d'accès relatif (ou URL à consigner dans l'Espace partenaires),,,,,,,
OptionalPromo1000x800,612,Chemin d'accès relatif (ou URL à consigner dans l'Espace partenaires),,,,,,,
OptionalPromo414x180,613,Chemin d'accès relatif (ou URL à consigner dans l'Espace partenaires),,,,,,,
Feature1,700,Texte,,Lists all your games that are compatible with Xbox Live Cloud.,"Listet alle Ihre Spiele auf, die mit Xbox Live Cloud kompatibel sind.",Enumera todos sus juegos que son compatibles con Xbox Live Cloud.,Répertorie tous vos jeux compatibles avec Xbox Live Cloud.,Wyświetla listę wszystkich gier zgodnych z usługą Xbox Live Cloud.,Lista todos os seus jogos compatíveis com o Xbox Live Cloud.
Feature2,701,Texte,,Export your saved game files to a folder of your choice,Exportiere deine gespeicherten Spieldateien in einen Ordner deiner Wahl,Exporta tus archivos de juego guardados a una carpeta de tu elección,Exporte vos fichiers de jeu enregistrés dans un dossier de votre choix,Wyeksportuj zapisane pliki gry do wybranego folderu,Exporte seus arquivos de jogo salvos para uma pasta de sua escolha
Feature3,702,Texte,,Rename your files to their readable name,Benennen Sie Ihre Dateien in ihren lesbaren Namen um,Cambie el nombre de sus archivos a su nombre legible,Renomme vos fichiers en leur nom lisible,Zmień nazwy plików na ich czytelną nazwę,Renomeie seus arquivos com seus nomes legíveis
Feature4,703,Texte,,,,,,,
Feature5,704,Texte,,,,,,,
Feature6,705,Texte,,,,,,,
Feature7,706,Texte,,,,,,,
Feature8,707,Texte,,,,,,,
Feature9,708,Texte,,,,,,,
Feature10,709,Texte,,,,,,,
Feature11,710,Texte,,,,,,,
Feature12,711,Texte,,,,,,,
Feature13,712,Texte,,,,,,,
Feature14,713,Texte,,,,,,,
Feature15,714,Texte,,,,,,,
Feature16,715,Texte,,,,,,,
Feature17,716,Texte,,,,,,,
Feature18,717,Texte,,,,,,,
Feature19,718,Texte,,,,,,,
Feature20,719,Texte,,,,,,,
MinimumHardwareReq1,800,Texte,,,,,,,
MinimumHardwareReq2,801,Texte,,,,,,,
MinimumHardwareReq3,802,Texte,,,,,,,
MinimumHardwareReq4,803,Texte,,,,,,,
MinimumHardwareReq5,804,Texte,,,,,,,
MinimumHardwareReq6,805,Texte,,,,,,,
MinimumHardwareReq7,806,Texte,,,,,,,
MinimumHardwareReq8,807,Texte,,,,,,,
MinimumHardwareReq9,808,Texte,,,,,,,
MinimumHardwareReq10,809,Texte,,,,,,,
MinimumHardwareReq11,810,Texte,,,,,,,
RecommendedHardwareReq1,850,Texte,,,,,,,
RecommendedHardwareReq2,851,Texte,,,,,,,
RecommendedHardwareReq3,852,Texte,,,,,,,
RecommendedHardwareReq4,853,Texte,,,,,,,
RecommendedHardwareReq5,854,Texte,,,,,,,
RecommendedHardwareReq6,855,Texte,,,,,,,
RecommendedHardwareReq7,856,Texte,,,,,,,
RecommendedHardwareReq8,857,Texte,,,,,,,
RecommendedHardwareReq9,858,Texte,,,,,,,
RecommendedHardwareReq10,859,Texte,,,,,,,
RecommendedHardwareReq11,860,Texte,,,,,,,
SearchTerm1,900,Texte,,transfert,transfer,transferir,transfert,transfer,transferir
SearchTerm2,901,Texte,,cloud,cloud,cloud,cloud,cloud,cloud
SearchTerm3,902,Texte,,xbox,xbox,xbox,xbox,xbox,xbox
SearchTerm4,903,Texte,,gamepass,gamepass,gamepass,gamepass,gamepass,gamepass
SearchTerm5,904,Texte,,save,speichern,guardar,sauvegarde,zapisz,salvar
SearchTerm6,905,Texte,,export,export,exportar,exportation,eksport,export
SearchTerm7,906,Texte,,game pass,game pass,game pass,game pass,game pass,game pass
TrailerToPlayAtTopOfListing,999,Chemin d'accès relatif (ou URL à consigner dans l'Espace partenaires),,,,,,,
Trailer1,1000,Chemin d'accès relatif (ou URL à consigner dans l'Espace partenaires),,,,,,,
Trailer2,1001,Chemin d'accès relatif (ou URL à consigner dans l'Espace partenaires),,,,,,,
Trailer3,1002,Chemin d'accès relatif (ou URL à consigner dans l'Espace partenaires),,,,,,,
Trailer4,1003,Chemin d'accès relatif (ou URL à consigner dans l'Espace partenaires),,,,,,,
Trailer5,1004,Chemin d'accès relatif (ou URL à consigner dans l'Espace partenaires),,,,,,,
Trailer6,1005,Chemin d'accès relatif (ou URL à consigner dans l'Espace partenaires),,,,,,,
Trailer7,1006,Chemin d'accès relatif (ou URL à consigner dans l'Espace partenaires),,,,,,,
Trailer8,1007,Chemin d'accès relatif (ou URL à consigner dans l'Espace partenaires),,,,,,,
Trailer9,1008,Chemin d'accès relatif (ou URL à consigner dans l'Espace partenaires),,,,,,,
Trailer10,1009,Chemin d'accès relatif (ou URL à consigner dans l'Espace partenaires),,,,,,,
Trailer11,1010,Chemin d'accès relatif (ou URL à consigner dans l'Espace partenaires),,,,,,,
Trailer12,1011,Chemin d'accès relatif (ou URL à consigner dans l'Espace partenaires),,,,,,,
Trailer13,1012,Chemin d'accès relatif (ou URL à consigner dans l'Espace partenaires),,,,,,,
Trailer14,1013,Chemin d'accès relatif (ou URL à consigner dans l'Espace partenaires),,,,,,,
Trailer15,1014,Chemin d'accès relatif (ou URL à consigner dans l'Espace partenaires),,,,,,,
TrailerTitle1,1020,Texte,,,,,,,
TrailerTitle2,1021,Texte,,,,,,,
TrailerTitle3,1022,Texte,,,,,,,
TrailerTitle4,1023,Texte,,,,,,,
TrailerTitle5,1024,Texte,,,,,,,
TrailerTitle6,1025,Texte,,,,,,,
TrailerTitle7,1026,Texte,,,,,,,
TrailerTitle8,1027,Texte,,,,,,,
TrailerTitle9,1028,Texte,,,,,,,
TrailerTitle10,1029,Texte,,,,,,,
TrailerTitle11,1030,Texte,,,,,,,
TrailerTitle12,1031,Texte,,,,,,,
TrailerTitle13,1032,Texte,,,,,,,
TrailerTitle14,1033,Texte,,,,,,,
TrailerTitle15,1034,Texte,,,,,,,
TrailerThumbnail1,1040,Chemin d'accès relatif (ou URL à consigner dans l'Espace partenaires),,,,,,,
TrailerThumbnail2,1041,Chemin d'accès relatif (ou URL à consigner dans l'Espace partenaires),,,,,,,
TrailerThumbnail3,1042,Chemin d'accès relatif (ou URL à consigner dans l'Espace partenaires),,,,,,,
TrailerThumbnail4,1043,Chemin d'accès relatif (ou URL à consigner dans l'Espace partenaires),,,,,,,
TrailerThumbnail5,1044,Chemin d'accès relatif (ou URL à consigner dans l'Espace partenaires),,,,,,,
TrailerThumbnail6,1045,Chemin d'accès relatif (ou URL à consigner dans l'Espace partenaires),,,,,,,
TrailerThumbnail7,1046,Chemin d'accès relatif (ou URL à consigner dans l'Espace partenaires),,,,,,,
TrailerThumbnail8,1047,Chemin d'accès relatif (ou URL à consigner dans l'Espace partenaires),,,,,,,
TrailerThumbnail9,1048,Chemin d'accès relatif (ou URL à consigner dans l'Espace partenaires),,,,,,,
TrailerThumbnail10,1049,Chemin d'accès relatif (ou URL à consigner dans l'Espace partenaires),,,,,,,
TrailerThumbnail11,1050,Chemin d'accès relatif (ou URL à consigner dans l'Espace partenaires),,,,,,,
TrailerThumbnail12,1051,Chemin d'accès relatif (ou URL à consigner dans l'Espace partenaires),,,,,,,
TrailerThumbnail13,1052,Chemin d'accès relatif (ou URL à consigner dans l'Espace partenaires),,,,,,,
TrailerThumbnail14,1053,Chemin d'accès relatif (ou URL à consigner dans l'Espace partenaires),,,,,,,
TrailerThumbnail15,1054,Chemin d'accès relatif (ou URL à consigner dans l'Espace partenaires),,,,,,,
TrailerClosedCaption1,1055,Chemin d'accès relatif (ou URL à consigner dans l'Espace partenaires),,,,,,,
TrailerClosedCaption2,1056,Chemin d'accès relatif (ou URL à consigner dans l'Espace partenaires),,,,,,,
TrailerClosedCaption3,1057,Chemin d'accès relatif (ou URL à consigner dans l'Espace partenaires),,,,,,,
TrailerClosedCaption4,1058,Chemin d'accès relatif (ou URL à consigner dans l'Espace partenaires),,,,,,,
TrailerClosedCaption5,1059,Chemin d'accès relatif (ou URL à consigner dans l'Espace partenaires),,,,,,,
TrailerClosedCaption6,1060,Chemin d'accès relatif (ou URL à consigner dans l'Espace partenaires),,,,,,,
TrailerClosedCaption7,1061,Chemin d'accès relatif (ou URL à consigner dans l'Espace partenaires),,,,,,,
TrailerClosedCaption8,1062,Chemin d'accès relatif (ou URL à consigner dans l'Espace partenaires),,,,,,,
TrailerClosedCaption9,1063,Chemin d'accès relatif (ou URL à consigner dans l'Espace partenaires),,,,,,,
TrailerClosedCaption10,1064,Chemin d'accès relatif (ou URL à consigner dans l'Espace partenaires),,,,,,,
TrailerClosedCaption11,1065,Chemin d'accès relatif (ou URL à consigner dans l'Espace partenaires),,,,,,,
TrailerClosedCaption12,1066,Chemin d'accès relatif (ou URL à consigner dans l'Espace partenaires),,,,,,,
TrailerClosedCaption13,1067,Chemin d'accès relatif (ou URL à consigner dans l'Espace partenaires),,,,,,,
TrailerClosedCaption14,1068,Chemin d'accès relatif (ou URL à consigner dans l'Espace partenaires),,,,,,,
TrailerClosedCaption15,1069,Chemin d'accès relatif (ou URL à consigner dans l'Espace partenaires),,,,,,,
TrailerAudioDescription1,1070,Chemin d'accès relatif (ou URL à consigner dans l'Espace partenaires),,,,,,,
TrailerAudioDescription2,1071,Chemin d'accès relatif (ou URL à consigner dans l'Espace partenaires),,,,,,,
TrailerAudioDescription3,1072,Chemin d'accès relatif (ou URL à consigner dans l'Espace partenaires),,,,,,,
TrailerAudioDescription4,1073,Chemin d'accès relatif (ou URL à consigner dans l'Espace partenaires),,,,,,,
TrailerAudioDescription5,1074,Chemin d'accès relatif (ou URL à consigner dans l'Espace partenaires),,,,,,,
TrailerAudioDescription6,1075,Chemin d'accès relatif (ou URL à consigner dans l'Espace partenaires),,,,,,,
TrailerAudioDescription7,1076,Chemin d'accès relatif (ou URL à consigner dans l'Espace partenaires),,,,,,,
TrailerAudioDescription8,1077,Chemin d'accès relatif (ou URL à consigner dans l'Espace partenaires),,,,,,,
TrailerAudioDescription9,1078,Chemin d'accès relatif (ou URL à consigner dans l'Espace partenaires),,,,,,,
TrailerAudioDescription10,1079,Chemin d'accès relatif (ou URL à consigner dans l'Espace partenaires),,,,,,,
TrailerAudioDescription11,1080,Chemin d'accès relatif (ou URL à consigner dans l'Espace partenaires),,,,,,,
TrailerAudioDescription12,1081,Chemin d'accès relatif (ou URL à consigner dans l'Espace partenaires),,,,,,,
TrailerAudioDescription13,1082,Chemin d'accès relatif (ou URL à consigner dans l'Espace partenaires),,,,,,,
TrailerAudioDescription14,1083,Chemin d'accès relatif (ou URL à consigner dans l'Espace partenaires),,,,,,,
TrailerAudioDescription15,1084,Chemin d'accès relatif (ou URL à consigner dans l'Espace partenaires),,,,,,,
,,,,,,,,,
,,,,,,,,,
,,,,,,,,,
,,,,,,,,,
,,,,,,,,,
,,,,,,,,,
,,,,,,,,,
,,,,,,,,,
,,,,,,,,,
,,,,,,,,,
,,,,,,,,,
,,,,,,,,,
,,,,,,,,,
,,,,,,,,,
,,,,,,,,,
,,,,,,,,,
,,,,,,,,,
,,,,,,,,,
,,,,,,,,,
,,,,,,,,,
,,,,,,,,,
,,,,,,,,,
,,,,,,,,,
,,,,,,,,,